<?xml version="1.0" encoding="utf-8"?>
<extension type="plugin" version="2.5" group="system" method="upgrade">
	<name>PLG_SYS_META4NET</name>
	<author>Design4Net (Sergey Kupletsky)</author>
	<creationDate>June 28, 2013</creationDate>
	<copyright>Copyright by Design4Net (C) 2013. All rights reserved.</copyright>
	<license>GNU General Public License version 2 or later</license>
	<authorEmail>s_kupletsky@mail.ru</authorEmail>
	<authorUrl>http://design4net.ru/</authorUrl>
	<version>0.0.1</version>
	<description>PLG_SYS_META4NET_XML_DESCRIPTION</description>

    <files>
        <filename plugin="plg_meta4net">plg_meta4net.php</filename>
        <filename>index.html</filename>
    </files>
	
	<languages>
		<language tag="en-GB">language/en-GB/en-GB.plg_system_meta4net4net.ini</language>
        <language tag="en-GB">language/en-GB/en-GB.plg_system_meta4net.sys.ini</language>
        <language tag="ru-RU">language/ru-RU/ru-RU.plg_system_meta4net.ini</language>
        <language tag="ru-RU">language/ru-RU/ru-RU.plg_system_meta4net.sys.ini</language>
	</languages>
	
	<config>
		<fields name="params">
            <fieldset name="basic">
                <field name="modId" type="text" default="" size="40" label="MOD_PANORAMA4NET_MOD_ID_LABEL" description="MOD_PANORAMA4NET_MOD_ID_DESCRIPTION" />

                <field name="imagePath" type="media" directory="" label="MOD_PANORAMA4NET_IMG_PATH_LABEL" description="MOD_PANORAMA4NET_IMG_PATH_DESCRIPTION"/>

                <field name="imageTitle" type="text" default="" size="40" label="MOD_PANORAMA4NET_IMG_TITLE_LABEL" description="MOD_PANORAMA4NET_IMG_TITLE_DESCRIPTION" />
                <field name="imageAlt" type="text" default="" size="40" label="MOD_PANORAMA4NET_IMG_ALT_LABEL" description="MOD_PANORAMA4NET_IMG_ALT_DESCRIPTION" />
            </fieldset>

			<fieldset name="PANORAMA">
                <field name="panoramaStyle" type="list" default="default" label="MOD_PANORAMA4NET_PANORAMA_STYLE_LABEL" description="MOD_PANORAMA4NET_PANORAMA_STYLE_DESCRIPTION">
                    <option value="default">JDEFAULT</option>
                    <option value="style1">MOD_PANORAMA4NET_PANORAMA_STYLE_STYLE1</option>
                    <option value="custom">MOD_PANORAMA4NET_PANORAMA_STYLE_CUSTOM</option>
                </field>

                <field name="panoramaWidth" type="text" default="" size="40" label="MOD_PANORAMA4NET_PANORAMA_WIDTH_LABEL" description="MOD_PANORAMA4NET_PANORAMA_WIDTH_DESCRIPTION" />
                <field name="panoramaHeight" type="text" default="" size="40" label="MOD_PANORAMA4NET_PANORAMA_HEIGHT_LABEL" description="MOD_PANORAMA4NET_PANORAMA_HEIGHT_DESCRIPTION" />

                <field name="panoramaCaption" type="radio" class="btn-group" default="0" label="MOD_PANORAMA4NET_PANORAMA_CAPTION_LABEL" description="MOD_PANORAMA4NET_PANORAMA_CAPTION_DESCRIPTION">
                    <option value="1">JYES</option>
                    <option value="0">JNO</option>
                </field>
                <field name="panoramaTitle" type="textarea" default="" cols="4" rows="4" label="MOD_PANORAMA4NET_PANORAMA_TITLE_LABEL" description="MOD_PANORAMA4NET_PANORAMA_TITLE_DESCRIPTION" />

                <field name="autoStart" type="radio" class="btn-group" default="1" label="MOD_PANORAMA4NET_AUTOSTART_LABEL" description="MOD_PANORAMA4NET_AUTOSTART_DESCRIPTION">
                    <option value="1">JYES</option>
                    <option value="0">JNO</option>
                </field>

                <field name="direction" type="radio" class="btn-group" default="left" label="MOD_PANORAMA4NET_DIRECTION_LABEL" description="MOD_PANORAMA4NET_DIRECTION_DESCRIPTION">
                    <option value="left">MOD_PANORAMA4NET_DIRECTION_LEFT</option>
                    <option value="right">MOD_PANORAMA4NET_DIRECTION_RIGHT</option>
                </field>

                <field name="speed" type="integer" default="5" label="MOD_PANORAMA4NET_SPEED_LABEL" description="MOD_PANORAMA4NET_SPEED_DESCRIPTION" first="1" last="10" step="1" />

                <field name="startPosition" type="text" default="0" size="40" label="MOD_PANORAMA4NET_START_LABEL" description="MOD_PANORAMA4NET_START_DESCRIPTION" />

            </fieldset>

            <fieldset name="PANORAMA_CONTROL">

                <field name="controlDisplay" type="radio" class="btn-group" default="1" label="MOD_PANORAMA4NET_CONTROL_LABEL" description="MOD_PANORAMA4NET_CONTROL_DESCRIPTION">
                    <option value="1">JYES</option>
                    <option value="0">JNO</option>
                </field>

                <field name="controlVertical" type="radio" class="btn-group" default="top" label="MOD_PANORAMA4NET_CONTROL_VERTICAL_LABEL" description="MOD_PANORAMA4NET_CONTROL_VERTICAL_DESCRIPTION">
                    <option value="top">MOD_PANORAMA4NET_CONTROL_VERTICAL_TOP</option>
                    <option value="bottom">MOD_PANORAMA4NET_CONTROL_VERTICAL_BOTTOM</option>
                </field>

                <field name="controlHorizontal" type="radio" class="btn-group" default="right" label="MOD_PANORAMA4NET_CONTROL_HORIZONTAL_LABEL" description="MOD_PANORAMA4NET_CONTROL_HORIZONTAL_DESCRIPTION">
                    <option value="left">MOD_PANORAMA4NET_CONTROL_HORIZONTAL_LEFT</option>
                    <option value="right">MOD_PANORAMA4NET_CONTROL_HORIZONTAL_RIGHT</option>
                </field>

                <field name="controlStyle" type="list" default="dark" label="MOD_PANORAMA4NET_CONTROL_STYLE_LABEL" description="MOD_PANORAMA4NET_CONTROL_STYLE_DESCRIPTION">
                    <option value="0">JNO</option>
                    <option value="light">MOD_PANORAMA4NET_CONTROL_STYLE_LIGHT</option>
                    <option value="dark">MOD_PANORAMA4NET_CONTROL_STYLE_DARK</option>
                </field>

            </fieldset>

            <fieldset name="PANORAMA_LOAD">
				<field name="loadJquery" type="list" default="0" label="MOD_PANORAMA4NET_JQUERY_LABEL" description="MOD_PANORAMA4NET_JQUERY_DESCRIPTION">
                    <option value="0">JNO</option>
                    <option value="1.8.3">1.8.3</option>
                    <option value="1.9.1">1.9.1</option>
                    <option value="2.0.2">2.0.2</option>
                </field>

                <field name="loadFont" type="radio" class="btn-group" default="1" label="MOD_PANORAMA4NET_FONT_LABEL" description="MOD_PANORAMA4NET_FONT_DESCRIPTION">
                    <option value="1">JYES</option>
                    <option value="0">JNO</option>
                </field>

                <field name="loadModernizr" type="radio" class="btn-group" default="1" label="MOD_PANORAMA4NET_MODERNIZR_LABEL" description="MOD_PANORAMA4NET_MODERNIZR_DESCRIPTION">
                    <option value="1">JYES</option>
                    <option value="0">JNO</option>
                </field>
			</fieldset>

            <fieldset name="advanced">
                <field name="layout" type="modulelayout"
                       label="JFIELD_ALT_LAYOUT_LABEL"
                       description="JFIELD_ALT_MODULE_LAYOUT_DESC" />
            </fieldset>

        </fields>
	</config>
	
</extension>